,acc_train_lin,acc_test_lin,acc_train_rbf,acc_test_rbf,acc_train_poly,acc_test_poly
0,0.7429305912596401,0.7807692307692308,0.7429305912596401,0.7807692307692308,0.7466666666666667,0.76
1,0.7429305912596401,0.7807692307692308,0.7429305912596401,0.7807692307692308,0.7466666666666667,0.76
2,0.8020565552699229,0.8153846153846154,0.7429305912596401,0.7807692307692308,0.7466666666666667,0.76
3,0.8483290488431876,0.8269230769230769,0.7429305912596401,0.7807692307692308,0.7466666666666667,0.76
4,0.8534704370179949,0.8192307692307692,0.9151670951156813,0.8269230769230769,0.7466666666666667,0.76
5,0.8508997429305912,0.8269230769230769,1.0,0.7884615384615384,0.0,0.0
6,0.8508997429305912,0.823076923076923,1.0,0.7846153846153846,0.0,0.0
